file_name,file_size_bytes,sha256,encoding,has_header,column_count,total_rows,missing_count,zero_count,negative_count,folder_year,relative_path
data_202301.csv,669351186,5c1eb814aeeb5b719cd7051e46725860cf44fd04e90ccf45c3b5d6dbc7fb895c,cp949,False,5,11811001,0,1571179,0,2023_시간대별_데이터,2023_시간대별_데이터\data_202301.csv
data_202302.csv,605773460,e1cda1933eac3fa334883a5e5f5f69d4b4f0eef9249e65cb359bb5ef250c1612,cp949,False,5,10689060,0,1511314,0,2023_시간대별_데이터,2023_시간대별_데이터\data_202302.csv
data_202303.csv,673005409,04256eb204e8dfdb02a365fb0b45e76b45b9a843f3de4daae948261ce1ab2866,cp949,False,5,11876028,0,2111333,0,2023_시간대별_데이터,2023_시간대별_데이터\data_202303.csv
data_202304.csv,653671397,be844b406aec3ec3449fc934bf995581d3f7634ee8f624083d2c25a9b50491b7,cp949,False,5,11529960,0,1919586,0,2023_시간대별_데이터,2023_시간대별_데이터\data_202304.csv
data_202305.csv,676138243,9442a205e9e6e3f267af8b6c12b6e2fe16fae7f0ca00ea26916cba91bae6233c,cp949,False,5,11933305,0,2419153,0,2023_시간대별_데이터,2023_시간대별_데이터\data_202305.csv
data_202306.csv,654596422,21d95a1a3730bb11f4e8d7c8dacc00f4a429177b032eed021ff69c1489776522,cp949,False,5,11556376,0,2428553,0,2023_시간대별_데이터,2023_시간대별_데이터\data_202306.csv
data_202307.csv,678934028,805eeabdcee9783ad96f2cdc24955a00410a1a8eb9263b3231201617f8eeb0ba,cp949,False,5,11984121,0,2303360,0,2023_시간대별_데이터,2023_시간대별_데이터\data_202307.csv
data_202308.csv,681444338,0f1ae2c210b1312597136fdd1745d468dc44860fe2f4f98a2de6b01fcf8a876d,cp949,False,5,12030149,0,2282640,0,2023_시간대별_데이터,2023_시간대별_데이터\data_202308.csv
data_202309.csv,507430267,64b88e85b5b75e5c75388bc1bb099d5e362b0070ea3691e7b33c205a7f712da8,cp949,False,5,8957189,0,1685635,0,2023_시간대별_데이터,2023_시간대별_데이터\data_202309.csv
data_202310.csv,562281104,c78be3f99bfd89317fd429893bf62c962db2a100a167933478457b7fbb236d3f,cp949,False,5,9927848,0,1900019,0,2023_시간대별_데이터,2023_시간대별_데이터\data_202310.csv
data_202311.csv,665015163,741fc0d5079c0a10da97e803b3cc4a3a8c54907f3c67b52cd29aeaaa95b2837f,cp949,False,5,11720858,0,1622945,0,2023_시간대별_데이터,2023_시간대별_데이터\data_202311.csv
data_202312.csv,687633426,132d8ef3ad59781a67ea35decaf9dbd0eb64b44af2a649bcdb2b753b33512855,cp949,False,5,12129001,0,2049028,0,2023_시간대별_데이터,2023_시간대별_데이터\data_202312.csv
24년10월 시간대별 데이터.csv,48562072,fe13cee91b042ae738d383a03db26cbafbd7f7d4bb74627bb1e8fdf29526e6ce,cp949,True,5,1048575,0,312529,0,2024_시간대별_데이터,2024_시간대별_데이터\24년10월 시간대별 데이터.csv
24년11월 시간대별 데이터.csv,127782769,bdf468d49d5d34eda274ed6a413460d272ead95cab55efece31142a3257513d2,cp949,True,5,2257632,0,601230,0,2024_시간대별_데이터,2024_시간대별_데이터\24년11월 시간대별 데이터.csv
24년12월 시간대별 데이터.csv,132136619,ed947f0c4fc2680260eb5d399d827b0a8f988cc4202b91614d8e872384bcd9c5,cp949,True,5,2335249,0,616584,0,2024_시간대별_데이터,2024_시간대별_데이터\24년12월 시간대별 데이터.csv
24년1월 시간대별 데이터.csv,48573952,d1c109f694ab680c918d02ba4170304d83850e049fed82b11d4baa1dacc4b10a,cp949,True,5,1048575,0,263917,0,2024_시간대별_데이터,2024_시간대별_데이터\24년1월 시간대별 데이터.csv
24년2월 시간대별 데이터.csv,100548971,376c6bf0314b7f4e0957f39131941adb9819fcb6fc6b5aa776b2963608385653,cp949,True,5,1776951,0,405473,0,2024_시간대별_데이터,2024_시간대별_데이터\24년2월 시간대별 데이터.csv
24년3월 시간대별 데이터.csv,115120181,dbf11c7995e97065db4dd2d3a7085ff75e91fcf4cc70b30f13ceaa201e402763,cp949,True,5,2032190,0,473293,0,2024_시간대별_데이터,2024_시간대별_데이터\24년3월 시간대별 데이터.csv
24년4월 시간대별 데이터.csv,44053934,de7014f56b6cf61fc630258eece11e38bc4273ee6950570e014bfc02b75d0ef0,cp949,True,5,778028,0,205735,0,2024_시간대별_데이터,2024_시간대별_데이터\24년4월 시간대별 데이터.csv
24년5월 시간대별 데이터.csv,106532984,28ee02310523277dcb7ee2326becb941aab243add1baebac361af282e52c2e41,cp949,True,5,1882469,0,527338,0,2024_시간대별_데이터,2024_시간대별_데이터\24년5월 시간대별 데이터.csv
24년6월 시간대별 데이터.csv,119273271,b5ce9d648d374e512960a9c22d0266580d28f7c3f41b8f716db93617656b0016,cp949,True,5,2107400,0,613152,0,2024_시간대별_데이터,2024_시간대별_데이터\24년6월 시간대별 데이터.csv
24년7월 시간대별 데이터.csv,265125511,146034d7efacb48a15d4c457a73ea0c13f11e8a8f88f35bdd02510c778898a81,cp949,True,5,4669249,0,721172,0,2024_시간대별_데이터,2024_시간대별_데이터\24년7월 시간대별 데이터.csv
24년8월 시간대별 데이터.csv,274315045,52c460f710a37a9d2103a01f4156db443c68f94cd40c5bd97ec4d3fea367386f,cp949,True,5,4832970,0,804488,0,2024_시간대별_데이터,2024_시간대별_데이터\24년8월 시간대별 데이터.csv
24년9월 시간대별 데이터.csv,126651788,55bcda85aa7ee3774c0640316f34bbefbe2825889b7dc0cde062a221790d89f6,cp949,True,5,2238580,0,620878,0,2024_시간대별_데이터,2024_시간대별_데이터\24년9월 시간대별 데이터.csv
25년10월 시간대별 데이터.csv,48796475,25890b16479c33b55a4fbb49f12b6d3e5e1db710894938f55d025bc719666e58,cp949,True,5,1048575,0,146253,0,2025_시간대별_데이터,2025_시간대별_데이터\25년10월 시간대별 데이터.csv
25년11월 시간대별 데이터.csv,48779938,976fc08e03c934d1b393523b13ef1f35379c05abc73edef141635e0913a48ab4,cp949,True,5,1048575,0,147718,0,2025_시간대별_데이터,2025_시간대별_데이터\25년11월 시간대별 데이터.csv
25년12월 시간대별 데이터.csv,48795351,e3db5c1541b3656a6e068cf0bc5e51f03911af00fcdd78a51f91f1dc2e4ee053,cp949,True,5,1048575,0,138465,0,2025_시간대별_데이터,2025_시간대별_데이터\25년12월 시간대별 데이터.csv
25년1월 시간대별 데이터.csv,48724804,faa7bfc258dbbddf8e7dc42e91380c76d2e332a662a7d40748c7440cd81ddd2e,cp949,True,5,1048575,0,149010,0,2025_시간대별_데이터,2025_시간대별_데이터\25년1월 시간대별 데이터.csv
25년2월 시간대별 데이터.csv,48726069,bf0b13798da3b700db617d01c5a9dee303100a5fa25a61f2155e8e9bf3e2384b,cp949,True,5,1048575,0,146222,0,2025_시간대별_데이터,2025_시간대별_데이터\25년2월 시간대별 데이터.csv
25년3월 시간대별 데이터.csv,48749405,c721204ce513fcc6bbe4a7db40edab14cc7fe8c231e3bc3df35bded8734c4eb1,cp949,True,5,1048575,0,157758,0,2025_시간대별_데이터,2025_시간대별_데이터\25년3월 시간대별 데이터.csv
25년4월 시간대별 데이터.csv,48798069,7f9c3b7951ecf1705fa90431eeb552439f90ef62a80b439710b7d758836fad8a,cp949,True,5,1048575,0,146111,0,2025_시간대별_데이터,2025_시간대별_데이터\25년4월 시간대별 데이터.csv
25년5월 시간대별 데이터.csv,48786056,d595448552262864c1e5dd91b403170154d83faebdca81725c5fa932b4003e7b,cp949,True,5,1048575,0,158017,0,2025_시간대별_데이터,2025_시간대별_데이터\25년5월 시간대별 데이터.csv
25년6월 시간대별 데이터.csv,48760955,a4045d5a1546f922386dcfae45b981a540a6473987ce3ae0ce4bcb1aa7682664,cp949,True,5,1048575,0,174291,0,2025_시간대별_데이터,2025_시간대별_데이터\25년6월 시간대별 데이터.csv
25년7월 시간대별 데이터.csv,48787071,4c6f234833ba44c29846e39b28504d3557b6b5d8fbf96da94f3f33f3679b80a7,cp949,True,5,1048575,0,162620,0,2025_시간대별_데이터,2025_시간대별_데이터\25년7월 시간대별 데이터.csv
25년8월 시간대별 데이터.csv,48782978,52bd6b2178cc6c81dbf8a50a27f4365a9ea55b09f1b8933c79894c5953d8b491,cp949,True,5,1048575,0,168266,0,2025_시간대별_데이터,2025_시간대별_데이터\25년8월 시간대별 데이터.csv
25년9월 시간대별 데이터.csv,48765852,e24ab251fa493fc8a0fe1d1dfa7d342fcd856fed0ce1d3495cf33c1f7793d952,cp949,True,5,1048575,0,176753,0,2025_시간대별_데이터,2025_시간대별_데이터\25년9월 시간대별 데이터.csv
