"file","sha256"
"archive_manifest.csv","C6708E34B53BF98D42C3AF745251EE97EE661B4E9DF009D22D107809B5347852"
"candidate_manifest.csv","84D4941C3889541B4D2196BAD0E563C1222A730057A75CD74D8F6DE90B9130BB"
"duplicate_conflict_summary.csv","46C2FCE130D4B3681486D00F9A8E1DBF13B8AD2E33176303240B00E2E6E10E78"
"file_candidate_manifest.csv","DDCE5D8054049027F3438C45D6C4C4F6AA3D422C4022887799B5CA79B5468498"
"file_profile.csv","B8D845D3FEAC5F36C8E04525C8ACAAE1E97A2223953D7399EE8D3967375AC699"
"horizon_availability.csv","7D56F5C4835F377488046C9E668752731F47282833CAAB6A493EEDBC65F926EF"
"official_catalog.csv","466E7E33402FC7654B29D0600957BC5AAFB01432C04119113441FE2C66BC9AD2"
"README.md","B1E142FA51BEA7DDC7B628ABE9275B18EBA23A63969459B583D71926E5A94E6E"
"required_bike_distribution.csv","2307E5268DC4C74DAF860C93907B7C843DCD6F52415A22CD46F363A3B3F37896"
"schema_diff.csv","3FC7ECE08BF4B5E375E3F0BE6BB8F1362DCD5596EBC327CA4E12E0B7D9CBD84A"
"station_coverage.csv","0A2B512C036FA84A0B7629F2D8B61223B2F5C73FAE2CC3814A7D1F79490234E5"
"verification-log.md","AAFB2C240C9455D53ECEA4AB45460D2C0EDD3C08E99BD8598FAF161C5D43A06C"
"year_comparison.csv","77EBEB43D8C478E1D815BF1B25BCAADA15C1428F8FEB35AFA15680548E98DD1B"
